davidson_step,active_pair_index,residual_before,residual_after,accepted,basis_cols,max_relative_eigen_residual,max_relative_eigen_residual_index,pair_28_residual,pair_29_residual,orthogonality_error
1,29,0.00070151162164003951,2.2097370262181011e-05,0,33,0.00070151162164003951,29,1.0795271324518241e-09,0.00070151162164003951,1.4432899320127035e-14
1,28,1.0795271324518241e-09,2.2395734692135166e-10,0,33,0.00070151162164003951,29,1.0795271324518241e-09,0.00070151162164003951,1.4432899320127035e-14
