davidson_step,active_pair_index,residual_before,residual_after,accepted,basis_cols,max_relative_eigen_residual,max_relative_eigen_residual_index,pair_28_residual,pair_29_residual,orthogonality_error
1,29,0.012020538824951637,0.007503343540822765,1,34,0.007503343540822765,29,7.0329784521478087e-11,0.007503343540822765,1.8762769116165146e-14
2,29,0.007503343540822765,0.009355827333521638,0,34,0.007503343540822765,29,7.0329784521478087e-11,0.007503343540822765,1.8762769116165146e-14
