davidson_step,active_pair_index,residual_before,residual_after,accepted,basis_cols,max_relative_eigen_residual,max_relative_eigen_residual_index,pair_28_residual,pair_29_residual,orthogonality_error
1,29,0.00059335338701420976,4.573023669374821e-05,1,34,4.573023669374821e-05,29,4.4126925220305251e-11,4.573023669374821e-05,1.7319479184152442e-14
2,29,4.573023669374821e-05,2.3242523158817728e-05,1,35,2.3242523158817728e-05,29,4.3129331769706752e-11,2.3242523158817728e-05,1.7541523789077473e-14
3,29,2.3242523158817728e-05,1.7612918995397542e-05,1,36,1.7612918995397542e-05,29,4.2655603091383896e-11,1.7612918995397542e-05,1.7319479184152442e-14
