davidson_step,active_pair_index,residual_before,residual_after,accepted,basis_cols,max_relative_eigen_residual,max_relative_eigen_residual_index,pair_28_residual,pair_29_residual,orthogonality_error,restarted
1,29,0.0054238305251029266,0.0018685719365385271,0,33,0.0054238305251029266,29,1.1319814989260442e-08,0.0054238305251029266,1.021405182655144e-14,0
1,28,1.1319814989260442e-08,1.7351991730259853e-09,0,33,0.0054238305251029266,29,1.1319814989260442e-08,0.0054238305251029266,1.021405182655144e-14,0
