davidson_step,active_pair_index,residual_before,residual_after,accepted,basis_cols,max_relative_eigen_residual,max_relative_eigen_residual_index,pair_28_residual,pair_29_residual,orthogonality_error
1,29,0.00090414513040053799,4.4128334587188943e-05,1,34,4.4128334587188943e-05,29,1.2192795885596454e-12,4.4128334587188943e-05,1.3877787807814457e-14
2,29,4.4128334587188943e-05,1.5209867404057699e-05,1,35,1.5209867404057699e-05,29,1.1343310444323544e-12,1.5209867404057699e-05,1.2434497875801753e-14
3,29,1.5209867404057699e-05,9.1995984711803495e-06,1,36,9.1995984711803495e-06,29,1.1006494870231589e-12,9.1995984711803495e-06,1.4654943925052066e-14
