davidson_step,active_pair_index,residual_before,residual_after,accepted,basis_cols,max_relative_eigen_residual,max_relative_eigen_residual_index,pair_28_residual,pair_29_residual,orthogonality_error
1,29,0.001358243943589538,0.00016809482843812605,1,34,0.00016809482843812605,29,2.1314501587045893e-09,0.00016809482843812605,1.6431300764452317e-14
2,29,0.00016809482843812605,6.423659263865904e-05,1,35,6.423659263865904e-05,29,1.7701241154603687e-09,6.423659263865904e-05,9.5479180117763462e-15
3,29,6.423659263865904e-05,3.8756920083472173e-05,1,36,3.8756920083472173e-05,29,1.5199715798396722e-09,3.8756920083472173e-05,1.4210854715202004e-14
4,29,3.8756920083472173e-05,1.7989628412143574e-05,1,37,1.7989628412143574e-05,29,1.4429484628955003e-09,1.7989628412143574e-05,1.021405182655144e-14
5,29,1.7989628412143574e-05,1.4815897656537948e-05,1,38,1.4815897656537948e-05,29,1.329865680723263e-09,1.4815897656537948e-05,2.4202861936828413e-14
