davidson_step,active_pair_index,residual_before,residual_after,accepted,basis_cols,max_relative_eigen_residual,max_relative_eigen_residual_index,pair_28_residual,pair_29_residual,orthogonality_error
1,29,0.0017429452677569354,0.00017582172027981249,1,34,0.00017582172027981249,29,5.1725868755520423e-11,0.00017582172027981249,1.4876988529977098e-14
2,29,0.00017582172027981249,8.217064395018241e-05,1,35,8.217064395018241e-05,29,4.9927970446965299e-11,8.217064395018241e-05,1.6209256159527285e-14
