davidson_step,active_pair_index,residual_before,residual_after,accepted,basis_cols,max_relative_eigen_residual,max_relative_eigen_residual_index,pair_28_residual,pair_29_residual,orthogonality_error
1,29,0.00097901743506654377,4.2074609979004716e-05,1,34,4.2074609979004716e-05,29,6.1630215919026618e-12,4.2074609979004716e-05,1.354472090042691e-14
2,29,4.2074609979004716e-05,2.0587367788461143e-05,1,35,2.0587367788461143e-05,29,6.1097342274712745e-12,2.0587367788461143e-05,1.7763568394002505e-14
3,29,2.0587367788461143e-05,8.2965696243982497e-06,1,36,8.2965696243982497e-06,29,5.9652558840420805e-12,8.2965696243982497e-06,1.3988810110276972e-14
