davidson_step,active_pair_index,residual_before,residual_after,accepted,basis_cols,max_relative_eigen_residual,max_relative_eigen_residual_index,pair_28_residual,pair_29_residual,orthogonality_error,restarted
1,29,0.0013131134528025516,0.00013164079414198097,1,34,0.00013164079414198097,29,8.5351028664966132e-11,0.00013164079414198097,1.2434497875801753e-14,0
2,29,0.00013164079414198097,5.3560346809513049e-05,1,35,5.3560346809513049e-05,29,8.6630162285198671e-11,5.3560346809513049e-05,1.2656542480726785e-14,0
3,29,5.3560346809513049e-05,2.253394359984735e-05,1,36,2.253394359984735e-05,29,8.4379366871066776e-11,2.253394359984735e-05,1.1768364061026659e-14,0
4,29,2.253394359984735e-05,1.7396822262585559e-05,1,37,1.7396822262585559e-05,29,8.4205023201244644e-11,1.7396822262585559e-05,1.4876988529977098e-14,0
5,29,1.7396822262585559e-05,1.1935554933392709e-05,1,38,1.1935554933392709e-05,29,8.4339113422987338e-11,1.1935554933392709e-05,1.4988010832439613e-14,0
6,29,1.1935554933392709e-05,1.2909185776266933e-05,0,38,1.1935554933392709e-05,29,8.4339113422987338e-11,1.1935554933392709e-05,1.4988010832439613e-14,0
