davidson_step,active_pair_index,residual_before,residual_after,accepted,basis_cols,max_relative_eigen_residual,max_relative_eigen_residual_index,pair_28_residual,pair_29_residual,orthogonality_error
1,29,0.00056674617922348677,4.6529580060157589e-05,1,34,4.6529580060157589e-05,29,1.3592638763581541e-11,4.6529580060157589e-05,1.3988810110276972e-14
2,29,4.6529580060157589e-05,1.8083026762172434e-05,1,35,1.8083026762172434e-05,29,1.3585158289718483e-11,1.8083026762172434e-05,1.7985612998927536e-14
3,29,1.8083026762172434e-05,1.1318552345929024e-05,1,36,1.1318552345929024e-05,29,1.3521367723841197e-11,1.1318552345929024e-05,1.5987211554602254e-14
4,29,1.1318552345929024e-05,1.3604641905562232e-05,0,36,1.1318552345929024e-05,29,1.3521367723841197e-11,1.1318552345929024e-05,1.5987211554602254e-14
