davidson_step,active_pair_index,residual_before,residual_after,accepted,basis_cols,max_relative_eigen_residual,max_relative_eigen_residual_index,pair_28_residual,pair_29_residual,orthogonality_error
1,29,0.00093367575411087121,4.1787331995118122e-05,1,34,4.1787331995118122e-05,29,1.2281681088081744e-10,4.1787331995118122e-05,1.5987211554602254e-14
2,29,4.1787331995118122e-05,2.1567589821292436e-05,1,35,2.1567589821292436e-05,29,1.2196591617455746e-10,2.1567589821292436e-05,1.4654943925052066e-14
3,29,2.1567589821292436e-05,2.19258896868951e-05,0,35,2.1567589821292436e-05,29,1.2196591617455746e-10,2.1567589821292436e-05,1.4654943925052066e-14
