davidson_step,active_pair_index,residual_before,residual_after,accepted,basis_cols,max_relative_eigen_residual,max_relative_eigen_residual_index,pair_28_residual,pair_29_residual,orthogonality_error
1,29,0.00090730765259597747,0.00010102667790800784,1,34,0.00010102667790800784,29,5.1013175292480257e-11,0.00010102667790800784,1.4876988529977098e-14
2,29,0.00010102667790800784,3.1378410577385977e-05,1,35,3.1378410577385977e-05,29,4.0461910595419926e-11,3.1378410577385977e-05,1.4876988529977098e-14
