davidson_step,active_pair_index,residual_before,residual_after,accepted,basis_cols,max_relative_eigen_residual,max_relative_eigen_residual_index,pair_28_residual,pair_29_residual,orthogonality_error
1,29,0.00071282890145417627,2.6951265456627637e-05,1,34,2.6951265456627637e-05,29,7.063367034844986e-12,2.6951265456627637e-05,1.6875389974302379e-14
2,29,2.6951265456627637e-05,1.2526509099213376e-05,1,35,1.2526509099213376e-05,29,6.9981001016421024e-12,1.2526509099213376e-05,1.7985612998927536e-14
3,29,1.2526509099213376e-05,4.5241959331302849e-06,1,36,4.5241959331302849e-06,29,6.3947259349795086e-12,4.5241959331302849e-06,1.5543122344752192e-14
