davidson_step,active_pair_index,residual_before,residual_after,accepted,basis_cols,max_relative_eigen_residual,max_relative_eigen_residual_index,pair_28_residual,pair_29_residual,orthogonality_error
1,29,0.00072031068741033421,2.8102336712601231e-05,1,34,2.8102336712601231e-05,29,1.0404129670899806e-10,2.8102336712601231e-05,1.5099033134902129e-14
2,29,2.8102336712601231e-05,1.4980470348537371e-05,1,35,1.4980470348537371e-05,29,1.018965825553185e-10,1.4980470348537371e-05,1.2545520178264269e-14
3,29,1.4980470348537371e-05,1.5845373682172904e-05,0,35,1.4980470348537371e-05,29,1.018965825553185e-10,1.4980470348537371e-05,1.2545520178264269e-14
