davidson_step,active_pair_index,residual_before,residual_after,accepted,basis_cols,max_relative_eigen_residual,max_relative_eigen_residual_index,pair_28_residual,pair_29_residual,orthogonality_error
1,29,0.014573054031666376,0.0093777790941494514,1,35,0.0093777790941494514,29,1.9144126625543237e-10,0.0093777790941494514,1.5876189252139739e-14
1,28,9.897096229462015e-10,1.9144126625543237e-10,1,35,0.0093777790941494514,29,1.9144126625543237e-10,0.0093777790941494514,1.5876189252139739e-14
2,29,0.0093777790941494514,0.0032199993952433236,1,36,0.0032199993952433236,29,1.776571238298899e-10,0.0032199993952433236,1.3322676295501878e-14
3,29,0.0032199993952433236,0.00098769600901113183,1,37,0.00098769600901113183,29,1.760355632932455e-10,0.00098769600901113183,1.1990408665951691e-14
4,29,0.00098769600901113183,0.00051243235493032499,1,38,0.00051243235493032499,29,1.7423714156162693e-10,0.00051243235493032499,1.354472090042691e-14
5,29,0.00051243235493032499,0.0004072463694369114,1,39,0.0004072463694369114,29,1.7497138545466723e-10,0.0004072463694369114,1.9317880628477724e-14
6,29,0.0004072463694369114,0.00043669042869760985,0,39,0.0004072463694369114,29,1.7497138545466723e-10,0.0004072463694369114,1.9317880628477724e-14
