N,epsilon,time_syevd_sec,time_ipt_sec,residual_syevd,residual_ipt,ipt_fixed_point_residual,ipt_iterations,gpu_name,status,error
16384,0.10000000000000001,8.9060741188004613,16.303392184898257,5.7637702567042442e-09,5.7998336334989683e-09,8.9980201569984219e-13,32,NVIDIA A100-SXM4-80GB,ok,
