davidson_step,active_pair_index,residual_before,residual_after,accepted,basis_cols,max_relative_eigen_residual,max_relative_eigen_residual_index,pair_28_residual,pair_29_residual,orthogonality_error,restarted
1,29,0.00057923757216327306,4.4870981377489007e-05,1,34,4.4870981377489007e-05,29,1.3103036639300411e-11,4.4870981377489007e-05,1.7208456881689926e-14,0
2,29,4.4870981377489007e-05,1.9055329254206249e-05,1,35,1.9055329254206249e-05,29,1.2701246457593461e-11,1.9055329254206249e-05,1.6431300764452317e-14,0
3,29,1.9055329254206249e-05,1.3121859390526377e-05,1,36,1.3121859390526377e-05,29,1.2296862420637569e-11,1.3121859390526377e-05,1.4210854715202004e-14,0
4,29,1.3121859390526377e-05,1.0352620315805609e-05,1,37,1.0352620315805609e-05,29,1.2230293174272746e-11,1.0352620315805609e-05,1.3988810110276972e-14,0
5,29,1.0352620315805609e-05,9.3573944979065101e-06,1,38,9.3573944979065101e-06,29,1.2117574597547477e-11,9.3573944979065101e-06,1.5987211554602254e-14,0
6,29,9.3573944979065101e-06,9.6360170978390668e-06,0,38,9.3573944979065101e-06,29,1.2117574597547477e-11,9.3573944979065101e-06,1.5987211554602254e-14,0
