davidson_step,active_pair_index,residual_before,residual_after,accepted,basis_cols,max_relative_eigen_residual,max_relative_eigen_residual_index,pair_28_residual,pair_29_residual,orthogonality_error
1,29,0.00065227262320020321,3.4867184050299378e-05,1,34,3.4867184050299378e-05,29,6.4771959514131532e-12,3.4867184050299378e-05,1.6431300764452317e-14
2,29,3.4867184050299378e-05,1.6260818560983085e-05,1,35,1.6260818560983085e-05,29,6.3555911280011678e-12,1.6260818560983085e-05,1.5099033134902129e-14
3,29,1.6260818560983085e-05,7.3489966660849327e-06,1,36,7.3489966660849327e-06,29,6.3276628458468842e-12,7.3489966660849327e-06,1.5987211554602254e-14
4,29,7.3489966660849327e-06,3.3738756596383443e-06,1,37,3.3738756596383443e-06,29,6.3278636105212585e-12,3.3738756596383443e-06,1.6209256159527285e-14
5,29,3.3738756596383443e-06,2.4081264183035196e-06,1,38,2.4081264183035196e-06,29,6.2966592065846621e-12,2.4081264183035196e-06,1.6209256159527285e-14
6,29,2.4081264183035196e-06,1.6696290812471219e-06,1,39,1.6696290812471219e-06,29,6.2673456835841135e-12,1.6696290812471219e-06,1.5543122344752192e-14
7,29,1.6696290812471219e-06,1.4502918861281585e-06,1,40,1.4502918861281585e-06,29,6.2492942820568935e-12,1.4502918861281585e-06,1.5543122344752192e-14
8,29,1.4502918861281585e-06,1.3163814588166298e-06,1,41,1.3163814588166298e-06,29,6.1443296420924241e-12,1.3163814588166298e-06,1.5099033134902129e-14
9,29,1.3163814588166298e-06,1.4143405315064047e-06,0,41,1.3163814588166298e-06,29,6.1443296420924241e-12,1.3163814588166298e-06,1.5099033134902129e-14
