davidson_step,active_pair_index,residual_before,residual_after,accepted,basis_cols,max_relative_eigen_residual,max_relative_eigen_residual_index,pair_28_residual,pair_29_residual,orthogonality_error
1,29,0.00052014116598349909,3.1086713443990206e-05,1,34,3.1086713443990206e-05,29,3.0178407660682641e-12,3.1086713443990206e-05,1.354472090042691e-14
2,29,3.1086713443990206e-05,1.7301419819620605e-05,1,35,1.7301419819620605e-05,29,3.01727816410933e-12,1.7301419819620605e-05,1.2212453270876722e-14
3,29,1.7301419819620605e-05,1.7323321253196042e-05,0,35,1.7301419819620605e-05,29,3.01727816410933e-12,1.7301419819620605e-05,1.2212453270876722e-14
