davidson_step,active_pair_index,residual_before,residual_after,accepted,basis_cols,max_relative_eigen_residual,max_relative_eigen_residual_index,pair_28_residual,pair_29_residual,orthogonality_error
1,29,0.00075508994536447466,2.4723700492337591e-05,1,34,2.4723700492337591e-05,29,2.3876087164583793e-12,2.4723700492337591e-05,1.9984014443252818e-14
2,29,2.4723700492337591e-05,1.3656921013391678e-05,1,35,1.3656921013391678e-05,29,2.36991940093606e-12,1.3656921013391678e-05,1.1990408665951691e-14
3,29,1.3656921013391678e-05,7.20398820555294e-06,1,36,7.20398820555294e-06,29,2.3563359737479633e-12,7.20398820555294e-06,1.2656542480726785e-14
4,29,7.20398820555294e-06,3.1646126549981569e-06,1,37,3.1646126549981569e-06,29,2.3237366761392083e-12,3.1646126549981569e-06,1.1768364061026659e-14
5,29,3.1646126549981569e-06,2.1604356253045537e-06,1,38,2.1604356253045537e-06,29,2.2837943128970547e-12,2.1604356253045537e-06,1.3988810110276972e-14
