N,epsilon,time_syevd_sec,time_ipt_sec,residual_syevd,residual_ipt,ipt_fixed_point_residual,ipt_iterations,gpu_name,status,error
8192,0.20000000000000001,1.4525772999040782,62.979421294759959,1.5336980239448897e-09,2.2971632996493585e-06,4.0210713098172091e-10,1000,NVIDIA A100-SXM4-80GB,ok,
