davidson_step,active_pair_index,residual_before,residual_after,accepted,basis_cols,max_relative_eigen_residual,max_relative_eigen_residual_index,pair_28_residual,pair_29_residual,orthogonality_error
1,29,0.0010576037319432697,5.6288960234115529e-05,1,34,5.6288960234115529e-05,29,7.664128480395082e-11,5.6288960234115529e-05,1.354472090042691e-14
2,29,5.6288960234115529e-05,2.7998750048188277e-05,1,35,2.7998750048188277e-05,29,6.986776368085436e-11,2.7998750048188277e-05,1.2434497875801753e-14
