davidson_step,active_pair_index,residual_before,residual_after,accepted,basis_cols,max_relative_eigen_residual,max_relative_eigen_residual_index,pair_28_residual,pair_29_residual,orthogonality_error
1,29,0.00062444789070321158,3.4707616920843524e-05,1,34,3.4707616920843524e-05,29,7.4234062022535231e-12,3.4707616920843524e-05,1.3988810110276972e-14
2,29,3.4707616920843524e-05,1.5304620836368793e-05,1,35,1.5304620836368793e-05,29,7.4021483508370997e-12,1.5304620836368793e-05,1.532107773982716e-14
3,29,1.5304620836368793e-05,8.6787926468830535e-06,1,36,8.6787926468830535e-06,29,7.401379849099496e-12,8.6787926468830535e-06,1.532107773982716e-14
4,29,8.6787926468830535e-06,4.671224150192678e-06,1,37,4.671224150192678e-06,29,7.0180707493272952e-12,4.671224150192678e-06,1.4654943925052066e-14
5,29,4.671224150192678e-06,4.4394337430803372e-06,1,38,4.4394337430803372e-06,29,7.0047907572431882e-12,4.4394337430803372e-06,1.532107773982716e-14
