davidson_step,active_pair_index,residual_before,residual_after,accepted,basis_cols,max_relative_eigen_residual,max_relative_eigen_residual_index,pair_28_residual,pair_29_residual,orthogonality_error
1,29,0.0019975754681370392,0.00013813997124293546,1,34,0.00013813997124293546,29,3.4202234325568026e-11,0.00013813997124293546,1.6431300764452317e-14
2,29,0.00013813997124293546,4.0250218831615855e-05,1,35,4.0250218831615855e-05,29,3.4203340013976733e-11,4.0250218831615855e-05,1.6209256159527285e-14
