N,epsilon,time_syevd_sec,time_ipt_sec,residual_syevd,residual_ipt,ipt_fixed_point_residual,ipt_iterations,gpu_name,status,error
8192,0.059999999999999998,1.4574638409540057,1.1852633780799806,1.5284084678779944e-09,5.5569599103658539e-10,2.9659726224090052e-13,18,NVIDIA A100-SXM4-80GB,ok,
