davidson_step,active_pair_index,residual_before,residual_after,accepted,basis_cols,max_relative_eigen_residual,max_relative_eigen_residual_index,pair_28_residual,pair_29_residual,orthogonality_error
1,29,0.0024302352825759667,0.00030014559651622951,1,34,0.00030014559651622951,29,6.4686878675995667e-11,0.00030014559651622951,1.1324274851176597e-14
2,29,0.00030014559651622951,7.5620746424464444e-05,1,35,7.5620746424464444e-05,29,6.464932290344315e-11,7.5620746424464444e-05,1.2878587085651816e-14
