davidson_step,active_pair_index,residual_before,residual_after,accepted,basis_cols,max_relative_eigen_residual,max_relative_eigen_residual_index,pair_28_residual,pair_29_residual,orthogonality_error
1,29,0.00067466516083110773,2.1549663286802225e-05,1,34,2.1549663286802225e-05,29,2.4165994277862542e-12,2.1549663286802225e-05,1.5099033134902129e-14
2,29,2.1549663286802225e-05,9.4157199333419528e-06,1,35,9.4157199333419528e-06,29,2.4076740852693559e-12,9.4157199333419528e-06,1.7541523789077473e-14
3,29,9.4157199333419528e-06,3.6319741199350189e-06,1,36,3.6319741199350189e-06,29,2.3927017659971455e-12,3.6319741199350189e-06,1.532107773982716e-14
