davidson_step,active_pair_index,residual_before,residual_after,accepted,basis_cols,max_relative_eigen_residual,max_relative_eigen_residual_index,pair_28_residual,pair_29_residual,orthogonality_error
1,29,0.00081171387405328476,0.00010015279579616448,1,34,0.00010015279579616448,29,6.9678705566703061e-11,0.00010015279579616448,1.4876988529977098e-14
2,29,0.00010015279579616448,5.7093062241602291e-05,1,35,5.7093062241602291e-05,29,6.7627651433749109e-11,5.7093062241602291e-05,1.8207657603852567e-14
