N,epsilon,time_syevd_sec,time_ipt_sec,residual_syevd,residual_ipt,ipt_fixed_point_residual,ipt_iterations,gpu_name,status,error
8192,0.17000000000000001,1.4566917712800205,7.3345428323373199,1.5294383715125407e-09,4.321369777235532e-09,8.7987358650717103e-13,116,NVIDIA A100-SXM4-80GB,ok,
