davidson_step,active_pair_index,residual_before,residual_after,accepted,basis_cols,max_relative_eigen_residual,max_relative_eigen_residual_index,pair_28_residual,pair_29_residual,orthogonality_error
1,29,0.00054688920831285877,1.7887446349235381e-05,1,34,1.7887446349235381e-05,29,8.0431586696249371e-11,1.7887446349235381e-05,1.1768364061026659e-14
2,29,1.7887446349235381e-05,1.0589888070653399e-05,1,35,1.0589888070653399e-05,29,8.0304235801001812e-11,1.0589888070653399e-05,1.4432899320127035e-14
3,29,1.0589888070653399e-05,1.1068217264361482e-05,0,35,1.0589888070653399e-05,29,8.0304235801001812e-11,1.0589888070653399e-05,1.4432899320127035e-14
