davidson_step,active_pair_index,residual_before,residual_after,accepted,basis_cols,max_relative_eigen_residual,max_relative_eigen_residual_index,pair_28_residual,pair_29_residual,orthogonality_error
1,29,0.00080095942068759128,3.6462379486603367e-05,1,34,3.6462379486603367e-05,29,1.3645407094120963e-11,3.6462379486603367e-05,1.2878587085651816e-14
2,29,3.6462379486603367e-05,1.4420639717114892e-05,1,35,1.4420639717114892e-05,29,1.3537843122956753e-11,1.4420639717114892e-05,1.1102230246251565e-14
3,29,1.4420639717114892e-05,5.8146016011085392e-06,1,36,5.8146016011085392e-06,29,1.3240822688617558e-11,5.8146016011085392e-06,1.3766765505351941e-14
4,29,5.8146016011085392e-06,3.4535775216505674e-06,1,37,3.4535775216505674e-06,29,1.3027837747940235e-11,3.4535775216505674e-06,1.7097434579227411e-14
5,29,3.4535775216505674e-06,2.7806732746548595e-06,1,38,2.7806732746548595e-06,29,1.2909682702518141e-11,2.7806732746548595e-06,1.7319479184152442e-14
