davidson_step,active_pair_index,residual_before,residual_after,accepted,basis_cols,max_relative_eigen_residual,max_relative_eigen_residual_index,pair_28_residual,pair_29_residual,orthogonality_error
1,29,0.0012843732898125573,0.00023745123970028091,1,34,0.00023745123970028091,29,5.8388643626253391e-11,0.00023745123970028091,1.5543122344752192e-14
2,29,0.00023745123970028091,8.0680987775036143e-05,1,35,8.0680987775036143e-05,29,4.8987593754473392e-11,8.0680987775036143e-05,1.5987211554602254e-14
3,29,8.0680987775036143e-05,4.7914824296253835e-05,1,36,4.7914824296253835e-05,29,4.7029020287349317e-11,4.7914824296253835e-05,1.6431300764452317e-14
4,29,4.7914824296253835e-05,2.4016943800728751e-05,1,37,2.4016943800728751e-05,29,4.6895670402465815e-11,2.4016943800728751e-05,1.1990408665951691e-14
5,29,2.4016943800728751e-05,1.689211852730753e-05,1,38,1.689211852730753e-05,29,4.6904137935855593e-11,1.689211852730753e-05,1.6653345369377348e-14
