davidson_step,active_pair_index,residual_before,residual_after,accepted,basis_cols,max_relative_eigen_residual,max_relative_eigen_residual_index,pair_28_residual,pair_29_residual,orthogonality_error
1,29,0.0005607691297172411,3.0936504279557724e-05,1,34,3.0936504279557724e-05,29,5.319933920064952e-13,3.0936504279557724e-05,1.5099033134902129e-14
2,29,3.0936504279557724e-05,1.2687859998442974e-05,1,35,1.2687859998442974e-05,29,5.37628152766194e-13,1.2687859998442974e-05,2.0872192862952943e-14
