davidson_step,active_pair_index,residual_before,residual_after,accepted,basis_cols,max_relative_eigen_residual,max_relative_eigen_residual_index,pair_28_residual,pair_29_residual,orthogonality_error
1,29,0.00073041515269262308,4.4746827038263572e-05,1,34,4.4746827038263572e-05,29,5.1896570828703097e-11,4.4746827038263572e-05,1.4876988529977098e-14
2,29,4.4746827038263572e-05,1.7978683061638714e-05,1,35,1.7978683061638714e-05,29,5.1750060155539292e-11,1.7978683061638714e-05,1.5099033134902129e-14
3,29,1.7978683061638714e-05,1.0007574916129698e-05,1,36,1.0007574916129698e-05,29,5.1092104038565449e-11,1.0007574916129698e-05,1.4099832412739488e-14
