davidson_step,active_pair_index,residual_before,residual_after,accepted,basis_cols,max_relative_eigen_residual,max_relative_eigen_residual_index,pair_28_residual,pair_29_residual,orthogonality_error,restarted
1,29,0.00088373320335073452,0.000138031762288564,1,34,0.000138031762288564,29,4.1806478081529769e-11,0.000138031762288564,1.6431300764452317e-14,0
2,29,0.000138031762288564,6.0170702581621775e-05,1,35,6.0170702581621775e-05,29,4.1050304792538286e-11,6.0170702581621775e-05,1.1990408665951691e-14,0
3,29,6.0170702581621775e-05,4.5941759835190392e-05,1,36,4.5941759835190392e-05,29,4.0436024078494959e-11,4.5941759835190392e-05,1.0658141036401503e-14,0
4,29,4.5941759835190392e-05,3.2724029090480886e-05,1,37,3.2724029090480886e-05,29,4.0423898893462378e-11,3.2724029090480886e-05,1.3322676295501878e-14,0
5,29,3.2724029090480886e-05,2.8931906648410629e-05,1,38,2.8931906648410629e-05,29,4.0402021185316918e-11,2.8931906648410629e-05,1.6209256159527285e-14,0
6,29,2.8931906648410629e-05,1.693902015226084e-05,1,39,1.693902015226084e-05,29,4.0410924541770204e-11,1.693902015226084e-05,1.6431300764452317e-14,0
7,29,1.693902015226084e-05,9.1732980129535718e-06,1,40,9.1732980129535718e-06,29,4.0458116026054509e-11,9.1732980129535718e-06,1.7097434579227411e-14,0
8,29,9.1732980129535718e-06,7.6940807328726317e-06,1,41,7.6940807328726317e-06,29,4.0192138254477539e-11,7.6940807328726317e-06,1.4432899320127035e-14,0
9,29,7.6940807328726317e-06,8.8425379010222835e-06,0,41,7.6940807328726317e-06,29,4.0192138254477539e-11,7.6940807328726317e-06,1.4432899320127035e-14,0
