davidson_step,active_pair_index,residual_before,residual_after,accepted,basis_cols,max_relative_eigen_residual,max_relative_eigen_residual_index,pair_28_residual,pair_29_residual,orthogonality_error
1,29,0.0016612353426633101,0.00023308953646851918,1,34,0.00023308953646851918,29,9.0682665223844093e-11,0.00023308953646851918,1.6653345369377348e-14
2,29,0.00023308953646851918,9.8666207818278286e-05,1,35,9.8666207818278286e-05,29,8.8500545344300827e-11,9.8666207818278286e-05,1.3100631690576847e-14
